,날짜,공포지수,UBMI,UBAI
0,2022/02/23,36.91,8538.99,6238.09
1,2022/02/22,33.21,8432.36,6104.11
2,2022/02/21,26.89,8239.45,5958.35
3,2022/02/20,32.28,8584.62,6245.1
4,2022/02/19,38.83,8969.53,6560.04
5,2022/02/18,36.95,8974.12,6571.25
6,2022/02/17,37.09,9095.8,6710.89
7,2022/02/16,49.73,9812.91,7235.63
8,2022/02/15,51.83,9926.3,7333.21
9,2022/02/14,44.0,9384.5,6819.28
10,2022/02/13,43.91,9372.67,6806.28
11,2022/02/12,43.62,9425.94,6885.95
12,2022/02/11,43.62,9458.84,6893.07
13,2022/02/10,50.25,9830.25,7295.48
14,2022/02/09,55.0,10068.49,7596.42
15,2022/02/08,56.54,9980.6,7454.81
16,2022/02/07,58.45,10020.75,7543.82
17,2022/02/06,51.97,9653.77,7238.13
18,2022/02/05,50.95,9483.6,7116.24
19,2022/02/04,51.08,9390.77,6990.61
20,2022/02/03,37.61,8555.34,6417.46
21,2022/02/02,35.66,8497.4,6375.61
22,2022/02/01,42.71,8908.17,6677.16
23,2022/01/31,40.47,8715.05,6443.17
24,2022/01/30,39.43,8650.07,6346.81
25,2022/01/29,39.17,8647.28,6352.84
26,2022/01/28,37.23,8500.63,6205.44
27,2022/01/27,34.07,8281.53,5976.07
28,2022/01/26,31.32,8234.86,6017.37
29,2022/01/25,30.9,8183.21,5964.78
30,2022/01/24,27.25,8159.43,5955.63
31,2022/01/23,27.42,8259.77,6199.3
32,2022/01/22,19.15,8037.86,5981.72
33,2022/01/21,23.37,8515.93,6443.61
34,2022/01/20,41.32,9472.82,7293.73
35,2022/01/19,41.67,9648.3,7468.12
36,2022/01/18,42.53,9895.98,7734.15
37,2022/01/17,43.58,10059.31,7959.46
38,2022/01/16,44.67,10245.76,8144.55
39,2022/01/15,44.67,10228.92,8085.73
40,2022/01/14,41.84,10187.48,8039.31
41,2022/01/13,39.8,10055.94,7881.46
42,2022/01/12,42.89,10377.47,8166.14
43,2022/01/11,40.18,10094.14,7875.02
44,2022/01/10,37.06,9759.82,7503.58
45,2022/01/09,40.02,9942.45,7731.52
46,2022/01/08,39.64,9972.47,7704.34
47,2022/01/07,35.04,10001.37,7866.67
48,2022/01/06,39.31,10460.66,8323.03
49,2022/01/05,38.82,10609.3,8465.09
50,2022/01/04,43.5,11110.13,8926.88
51,2022/01/03,43.01,11193.6,8962.03
52,2022/01/02,43.82,11343.5,9060.49
53,2022/01/01,46.34,11315.03,8950.69
54,2021/12/31,42.99,11073.37,8741.88
55,2021/12/30,41.98,11129.25,8766.07
56,2021/12/29,39.24,11055.75,8664.19
57,2021/12/28,41.17,11369.87,8983.57
58,2021/12/27,48.05,12058.1,9576.7
59,2021/12/26,47.96,12057.43,9582.93
60,2021/12/25,47.46,12002.1,9540.79
61,2021/12/24,47.34,12023.75,9450.03
62,2021/12/23,47.73,12049.98,9568.41
63,2021/12/22,45.01,11680.03,9250.04
64,2021/12/21,44.96,11673.47,9194.78
65,2021/12/20,42.03,11335.54,8974.68
66,2021/12/19,42.72,11432.53,9081.63
67,2021/12/18,42.28,11484.9,9155.95
68,2021/12/17,38.48,11356.1,8997.43
69,2021/12/16,40.82,11629.34,9158.8
70,2021/12/15,42.46,11884.54,9348.88
71,2021/12/14,37.67,11469.5,8878.22
72,2021/12/13,45.0,11244.23,8725.45
73,2021/12/12,45.0,12050.32,9481.26
74,2021/12/11,43.38,11949.5,9419.59
75,2021/12/10,37.61,11606.94,9147.29
76,2021/12/09,36.78,11769.82,9458.4
77,2021/12/08,42.92,12443.59,10101.89
78,2021/12/07,42.35,12464.36,9972.43
79,2021/12/06,39.47,12378.65,9928.25
80,2021/12/05,36.77,12150.66,9678.67
81,2021/12/04,33.04,12266.99,9815.69
82,2021/12/03,47.41,13247.35,10455.06
83,2021/12/02,52.15,13797.52,10946.35
84,2021/12/01,52.68,13854.07,10973.85
85,2021/11/30,52.65,13821.06,10959.24
86,2021/11/29,53.48,13889.87,10813.82
87,2021/11/28,52.79,13785.65,10630.95
88,2021/11/27,48.91,13418.1,10404.88
89,2021/11/26,44.15,13147.07,10208.02
90,2021/11/25,55.64,14126.96,11051.77
91,2021/11/24,52.18,13776.59,10723.5
92,2021/11/23,53.09,13876.84,10869.61
93,2021/11/22,49.7,13501.9,10453.62
94,2021/11/21,53.34,13953.39,10787.24
95,2021/11/20,54.74,14079.71,10892.12
96,2021/11/19,51.84,13753.58,10665.71
97,2021/11/18,44.75,13223.57,9990.77
98,2021/11/17,52.45,13948.18,10631.0
99,2021/11/16,50.68,13851.56,10477.87
100,2021/11/15,55.76,14686.36,11236.49
101,2021/11/14,55.09,14912.39,11323.27
102,2021/11/13,55.99,14750.34,11299.11
103,2021/11/12,57.18,14791.49,11317.62
104,2021/11/11,57.49,14952.49,11458.16
105,2021/11/10,60.07,14968.9,11360.49
106,2021/11/09,62.03,15231.49,11594.34
107,2021/11/08,63.87,15347.32,11694.86
108,2021/11/07,56.56,14604.27,11285.65
109,2021/11/06,57.3,14317.62,11142.19
110,2021/11/05,58.41,14210.53,11042.03
111,2021/11/04,59.74,14181.85,11048.16
112,2021/11/03,62.3,14251.76,11030.73
113,2021/11/02,62.21,14024.94,10731.27
114,2021/11/01,58.84,13620.76,10357.16
115,2021/10/31,58.43,13510.17,10168.11
116,2021/10/30,60.25,13667.71,10254.86
117,2021/10/29,62.17,13907.74,10460.18
118,2021/10/28,60.25,13604.52,10199.94
119,2021/10/27,54.96,13120.48,9595.58
120,2021/10/26,58.27,13628.67,10211.98
121,2021/10/25,60.84,13981.14,10291.83
122,2021/10/24,59.87,13707.8,10129.58
123,2021/10/23,61.58,13813.99,10254.1
124,2021/10/22,61.55,13595.97,9962.22
125,2021/10/21,64.15,13859.52,10048.08
126,2021/10/20,69.48,14326.86,10214.89
127,2021/10/19,65.99,13918.12,9716.01
128,2021/10/18,65.68,13596.82,9567.52
129,2021/10/17,67.13,13616.58,9714.5
130,2021/10/16,69.35,13501.46,9721.61
131,2021/10/15,75.52,13632.1,9787.54
132,2021/10/14,65.78,12882.41,9568.32
133,2021/10/13,66.31,12726.37,9285.04
134,2021/10/12,64.57,12520.35,9055.4
135,2021/10/11,69.3,12784.98,9193.48
136,2021/10/10,66.88,12375.43,9054.46
137,2021/10/09,70.78,12461.05,9339.29
138,2021/10/08,71.04,12241.18,9160.96
139,2021/10/07,71.67,12201.07,9174.5
140,2021/10/06,77.87,12319.03,9105.85
141,2021/10/05,70.48,11653.62,8927.49
142,2021/10/04,66.85,11397.38,8784.86
143,2021/10/03,66.06,11261.57,8815.48
144,2021/10/02,66.48,11177.6,8732.45
145,2021/10/01,66.93,11075.19,8533.57
146,2021/09/30,49.47,10153.84,7818.84
147,2021/09/29,42.75,9664.4,7468.72
148,2021/09/28,37.72,9541.12,7345.01
149,2021/09/27,43.57,9886.51,7665.4
150,2021/09/26,46.34,10136.55,7923.0
151,2021/09/25,44.09,10032.38,7829.23
152,2021/09/24,40.87,10001.03,7802.71
153,2021/09/23,50.45,10507.75,8273.15
154,2021/09/22,48.27,10426.84,8234.6
155,2021/09/21,33.24,9595.51,7371.26
156,2021/09/20,43.03,10237.92,7918.55
157,2021/09/19,56.15,11168.12,8768.56
158,2021/09/18,58.14,11332.55,8940.56
159,2021/09/17,58.09,11185.8,8861.06
160,2021/09/16,59.25,11280.15,9091.56
161,2021/09/15,60.61,11312.49,9160.85
162,2021/09/14,59.03,11108.73,8925.72
163,2021/09/13,53.38,10692.12,8622.21
164,2021/09/12,56.9,10946.42,8916.48
165,2021/09/11,54.7,10777.73,8675.49
166,2021/09/10,53.17,10724.55,8541.81
167,2021/09/09,57.09,11000.32,8861.48
168,2021/09/08,56.07,10976.94,8879.89
169,2021/09/07,55.29,11044.81,8798.98
170,2021/09/06,68.94,12098.45,9864.74
171,2021/09/05,69.47,11876.4,9777.23
172,2021/09/04,67.86,11641.14,9622.76
173,2021/09/03,69.57,11671.55,9683.84
174,2021/09/02,67.13,11434.25,9387.85
175,2021/09/01,67.71,11331.82,9338.44
176,2021/08/31,62.52,10844.28,8717.84
177,2021/08/30,61.01,10717.75,8395.34
178,2021/08/29,64.07,10893.11,8431.34
179,2021/08/28,64.94,10929.88,8467.11
180,2021/08/27,66.27,10962.62,8529.3
181,2021/08/26,58.79,10406.34,7962.78
182,2021/08/25,64.98,10833.6,8361.91
183,2021/08/24,63.19,10663.05,8243.02
184,2021/08/23,69.59,11073.65,8682.81
185,2021/08/22,68.23,10956.01,8469.81
186,2021/08/21,69.84,10896.53,8390.62
187,2021/08/20,72.52,10952.94,8465.12
188,2021/08/19,69.49,10562.22,8274.49
189,2021/08/18,63.07,10023.92,7744.26
190,2021/08/17,62.06,9954.92,7653.0
191,2021/08/16,67.17,10305.39,8041.48
192,2021/08/15,72.37,10552.09,8328.51
193,2021/08/14,74.43,10486.62,8183.53
194,2021/08/13,75.5,10418.5,8005.25
195,2021/08/12,68.47,9747.26,7401.55
196,2021/08/11,72.19,9854.09,7494.06
197,2021/08/10,71.05,9672.59,7225.91
198,2021/08/09,71.85,9644.11,7084.83
199,2021/08/08,69.35,9291.8,6847.69
200,2021/08/07,75.03,9452.89,7098.54
201,2021/08/06,67.85,8979.71,6571.96
202,2021/08/05,64.12,8669.2,6436.81
203,2021/08/04,60.17,8416.45,6258.03
204,2021/08/03,56.74,8198.84,6017.87
205,2021/08/02,60.11,8292.63,6093.03
206,2021/08/01,61.89,8323.88,5997.9
207,2021/07/31,67.57,8497.77,5989.35
208,2021/07/30,71.73,8473.01,5842.18
209,2021/07/29,63.56,8072.21,5630.15
210,2021/07/28,64.26,8062.63,5533.43
211,2021/07/27,63.86,7913.97,5447.53
212,2021/07/26,57.35,7572.02,5293.63
213,2021/07/25,50.24,7329.15,5224.55
214,2021/07/24,50.0,7242.25,5248.61
215,2021/07/23,45.22,7041.59,5084.02
216,2021/07/22,40.11,6820.62,4916.72
217,2021/07/21,40.32,6791.75,4851.09
218,2021/07/20,29.13,6233.81,4377.49
219,2021/07/19,33.31,6491.58,4552.61
220,2021/07/18,35.57,6692.6,4744.02
221,2021/07/17,32.71,6633.98,4726.05
222,2021/07/16,29.79,6611.45,4688.52
223,2021/07/15,30.08,6738.79,4835.36
224,2021/07/14,33.39,6938.74,5002.73
225,2021/07/13,32.19,6937.15,4978.27
226,2021/07/12,34.44,7093.76,5162.66
227,2021/07/11,38.79,7297.87,5334.54
228,2021/07/10,36.34,7213.88,5292.63
229,2021/07/09,36.91,7273.73,5361.32
230,2021/07/08,33.35,7165.26,5307.92
231,2021/07/07,39.52,7432.81,5651.48
232,2021/07/06,39.32,7428.27,5630.99
233,2021/07/05,35.47,7286.01,5440.87
234,2021/07/04,42.39,7570.94,5672.59
235,2021/07/03,38.8,7402.52,5499.02
236,2021/07/02,34.68,7240.11,5373.67
237,2021/07/01,32.8,7199.43,5325.62
238,2021/06/30,41.38,7507.9,5614.04
239,2021/06/29,44.09,7503.83,5452.1
240,2021/06/28,36.43,7192.92,5198.89
241,2021/06/27,34.36,7082.51,5003.27
242,2021/06/26,25.22,6684.19,4741.59
243,2021/06/25,20.02,6615.48,4709.45
244,2021/06/24,30.09,7150.85,5101.79
245,2021/06/23,24.33,6937.17,4917.44
246,2021/06/22,14.68,6601.45,4571.14
247,2021/06/21,12.05,6653.28,4732.06
248,2021/06/20,30.79,7759.58,5840.23
249,2021/06/19,29.48,7744.2,5769.29
250,2021/06/18,29.23,7893.88,5936.01
251,2021/06/17,36.6,8310.72,6248.85
252,2021/06/16,36.78,8355.83,6247.29
253,2021/06/15,41.62,8593.67,6460.89
254,2021/06/14,44.62,8644.82,6529.5
255,2021/06/13,38.37,8349.52,6336.96
256,2021/06/12,27.63,7846.55,6068.12
257,2021/06/11,30.71,8111.63,6115.88
258,2021/06/10,31.58,8184.03,6398.01
259,2021/06/09,36.73,8390.97,6676.43
260,2021/06/08,21.33,7713.06,6370.95
261,2021/06/07,21.52,7875.7,6549.45
262,2021/06/06,30.21,8432.87,7021.75
263,2021/06/05,28.78,8406.95,6947.69
264,2021/06/04,29.18,8556.54,7026.64
265,2021/06/03,40.78,9084.92,7489.67
266,2021/06/02,33.75,8744.39,7208.62
267,2021/06/01,29.93,8581.37,7023.23
268,2021/05/31,31.13,8659.41,7056.88
269,2021/05/30,22.83,8298.76,6538.51
270,2021/05/29,16.92,8139.39,6351.52
271,2021/05/28,16.73,8440.44,6685.47
272,2021/05/27,27.2,9144.63,7391.97
273,2021/05/26,32.09,9409.99,7713.35
274,2021/05/25,25.28,9134.33,7286.33
275,2021/05/24,22.86,9045.81,7148.24
276,2021/05/23,4.92,7815.08,5810.76
277,2021/05/22,9.34,8780.99,6599.41
278,2021/05/21,10.6,9351.0,7287.2
279,2021/05/20,16.01,10009.72,8027.9
280,2021/05/19,6.82,9632.6,7545.8
281,2021/05/18,34.49,11260.83,9814.98
282,2021/05/17,28.56,11167.94,9538.77
283,2021/05/16,44.87,11988.21,10308.48
284,2021/05/15,47.18,12201.59,10468.61
285,2021/05/14,59.94,12883.3,11107.75
286,2021/05/13,55.42,12674.76,10516.53
287,2021/05/12,45.17,12276.24,9974.18
288,2021/05/11,71.27,13789.88,11239.64
289,2021/05/10,70.92,13673.5,10828.32
290,2021/05/09,76.92,13972.08,11236.89
291,2021/05/08,79.37,13944.28,11146.83
292,2021/05/07,74.02,13237.82,10499.82
293,2021/05/06,77.74,13325.7,10615.85
294,2021/05/05,78.43,13162.01,10348.97
295,2021/05/04,70.35,12497.18,9533.52
296,2021/05/03,77.9,12929.46,9708.84
297,2021/05/02,68.41,12175.49,8683.32
298,2021/05/01,71.21,12231.69,8672.97
299,2021/04/30,66.71,11835.06,8186.45
300,2021/04/29,56.26,11249.82,7921.76
301,2021/04/28,55.32,11212.11,7804.53
302,2021/04/27,55.84,11232.15,7718.33
303,2021/04/26,49.89,10989.07,7400.0
304,2021/04/25,30.6,10155.57,6742.53
305,2021/04/24,28.7,10178.89,6602.39
306,2021/04/23,25.83,10363.06,6914.38
307,2021/04/22,19.67,10186.29,6778.52
308,2021/04/21,51.85,11619.31,7768.91
309,2021/04/20,53.57,11896.09,7848.85
310,2021/04/19,52.47,11981.23,7805.15
311,2021/04/18,65.8,12815.97,8493.71
312,2021/04/17,69.86,13094.75,8566.9
313,2021/04/16,75.93,13472.38,8960.54
314,2021/04/15,74.82,13257.87,8530.14
315,2021/04/14,76.91,13206.66,8308.59
316,2021/04/13,77.32,13032.3,7945.14
317,2021/04/12,72.55,12487.17,7464.33
318,2021/04/11,75.48,12557.05,7483.54
319,2021/04/10,77.55,12504.87,7432.31
320,2021/04/09,72.87,11995.0,6995.52
321,2021/04/08,73.0,11902.77,6972.46
322,2021/04/07,63.81,11394.77,6539.26
323,2021/04/06,79.99,12406.82,7371.48
324,2021/04/05,83.71,12396.38,7203.5
325,2021/04/04,74.71,11484.55,6492.44
326,2021/04/03,71.49,11077.79,6111.44
327,2021/04/02,78.64,11420.99,6405.0
328,2021/04/01,75.79,11026.73,5921.68
329,2021/03/31,74.46,10784.29,5725.1
330,2021/03/30,73.73,10570.25,5482.0
331,2021/03/29,70.57,10272.94,5348.32
332,2021/03/28,66.86,9975.77,5116.85
333,2021/03/27,66.27,9890.42,5067.76
334,2021/03/26,65.62,9803.0,5083.92
335,2021/03/25,58.87,9430.66,4864.25
336,2021/03/24,61.01,9570.06,4842.26
337,2021/03/23,64.68,9759.33,5049.25
338,2021/03/22,61.62,9629.6,4957.47
339,2021/03/21,68.2,9956.43,5089.83
340,2021/03/20,70.3,10030.35,5085.74
341,2021/03/19,72.09,10063.39,5121.2
342,2021/03/18,69.99,9879.52,4953.29
343,2021/03/17,75.31,10095.53,5083.04
344,2021/03/16,70.62,9741.95,4919.48
345,2021/03/15,65.1,9490.75,4762.0
346,2021/03/14,75.27,10001.08,4902.22
347,2021/03/13,82.46,10291.44,5038.37
348,2021/03/12,76.4,9704.58,4748.2
349,2021/03/11,78.67,9694.87,4805.25
350,2021/03/10,77.94,9473.38,4759.67
351,2021/03/09,79.85,9401.46,4892.11
352,2021/03/08,74.85,8968.82,4710.11
353,2021/03/07,70.97,8677.45,4506.55
354,2021/03/06,67.01,8409.32,4392.21
355,2021/03/05,67.06,8381.74,4265.42
356,2021/03/04,67.55,8385.78,4314.97
357,2021/03/03,72.88,8565.68,4353.44
358,2021/03/02,67.84,8272.25,4195.26
359,2021/03/01,70.64,8336.04,4229.25
360,2021/02/28,53.44,7691.05,3950.71
361,2021/02/27,59.23,7959.21,4109.2
362,2021/02/26,56.7,7940.49,4019.88
363,2021/02/25,52.84,7940.75,3953.75
364,2021/02/24,61.35,8333.85,4214.27
365,2021/02/23,46.11,8083.78,4033.03
366,2021/02/22,70.45,9154.25,4688.73
367,2021/02/21,81.95,9706.7,4982.1
368,2021/02/20,83.61,9553.87,4929.24
369,2021/02/19,86.85,9470.31,4894.04
370,2021/02/18,81.51,8743.47,4686.6
371,2021/02/17,82.14,8575.05,4459.57
372,2021/02/16,79.5,8229.49,4355.34
373,2021/02/15,77.41,7942.29,4262.11
374,2021/02/14,80.77,7982.37,4300.85
375,2021/02/13,80.73,7806.68,4375.74
376,2021/02/12,83.04,7762.67,4260.44
377,2021/02/11,85.68,7689.8,4034.94
378,2021/02/10,83.53,7314.03,3895.24
379,2021/02/09,85.51,7227.81,3702.45
380,2021/02/08,89.3,7211.98,3621.69
381,2021/02/07,75.74,6342.45,3412.11
382,2021/02/06,78.08,6339.58,3443.51
383,2021/02/05,78.15,6211.89,3459.19
384,2021/02/04,76.03,6025.64,3245.91
385,2021/02/03,77.47,5979.75,3249.01
386,2021/02/02,71.41,5712.91,3047.54
387,2021/02/01,63.42,5489.92,2894.38
388,2021/01/31,62.42,5443.47,2851.88
389,2021/01/30,66.91,5537.38,2892.07
390,2021/01/29,68.63,5552.9,2839.47
391,2021/01/28,64.94,5423.05,2777.39
392,2021/01/27,51.36,5104.65,2646.56
393,2021/01/26,62.83,5384.56,2839.37
394,2021/01/25,62.21,5382.11,2811.33
395,2021/01/24,62.12,5376.79,2896.87
396,2021/01/23,56.44,5264.69,2709.14
397,2021/01/22,55.73,5326.14,2660.65
398,2021/01/21,37.03,5033.8,2483.91
399,2021/01/20,69.93,5787.3,2935.66
400,2021/01/19,70.62,5795.33,2888.86
401,2021/01/18,70.52,5752.75,2737.05
402,2021/01/17,68.29,5689.26,2712.81
403,2021/01/16,69.61,5744.8,2709.51
404,2021/01/15,69.54,5755.58,2569.76
405,2021/01/14,77.65,5974.09,2625.79
406,2021/01/13,74.16,5749.19,2480.7
407,2021/01/12,57.83,5367.74,2327.05
408,2021/01/11,55.64,5553.67,2374.82
409,2021/01/10,74.32,6115.15,2751.84
410,2021/01/09,84.17,6399.3,2825.62
411,2021/01/08,90.0,6481.03,2694.57
412,2021/01/07,91.03,6192.67,2651.53
413,2021/01/06,88.82,5733.7,2569.85
414,2021/01/05,84.92,5317.13,2329.83
415,2021/01/04,83.95,5104.82,2257.69
416,2021/01/03,89.32,5163.2,2162.7
417,2021/01/02,84.29,4751.84,1779.01
418,2021/01/01,75.08,4347.93,1695.96
419,2020/12/31,76.1,4327.78,1707.52
420,2020/12/30,78.87,4310.11,1704.56
421,2020/12/29,77.57,4168.89,1712.79
422,2020/12/28,80.05,4157.8,1739.26
423,2020/12/27,78.74,4012.24,1655.0
424,2020/12/26,79.89,3979.88,1587.72
425,2020/12/25,72.77,3731.51,1566.34
426,2020/12/24,70.97,3665.23,1563.9
427,2020/12/23,67.56,3594.06,1462.01
428,2020/12/22,76.82,3768.23,1694.78
429,2020/12/21,71.71,3604.75,1663.17
430,2020/12/20,77.1,3698.46,1737.25
431,2020/12/19,82.98,3751.0,1776.55
432,2020/12/18,82.3,3632.91,1756.39
433,2020/12/17,83.67,3556.82,1698.07
434,2020/12/16,77.03,3345.96,1668.7
435,2020/12/15,62.45,3083.61,1536.31
436,2020/12/14,62.26,3070.71,1543.92
437,2020/12/13,63.2,3061.43,1554.59
438,2020/12/12,61.48,3017.49,1515.87
439,2020/12/11,53.45,2891.77,1465.58
440,2020/12/10,57.18,2954.6,1522.35
441,2020/12/09,60.19,3010.91,1563.13
442,2020/12/08,56.09,2956.87,1515.7
443,2020/12/07,64.81,3101.05,1617.56
444,2020/12/06,67.18,3128.06,1639.06
445,2020/12/05,66.35,3097.33,1621.13
446,2020/12/04,63.22,3042.25,1563.63
447,2020/12/03,71.51,3174.46,1683.76
448,2020/12/02,72.55,3157.15,1668.59
449,2020/12/01,71.79,3119.28,1644.54
450,2020/11/30,78.07,3198.32,1701.21
451,2020/11/29,69.63,3008.56,1611.31
452,2020/11/28,65.92,2928.46,1563.98
453,2020/11/27,60.66,2858.68,1506.89
454,2020/11/26,57.1,2860.04,1491.86
455,2020/11/25,75.42,3132.52,1673.83
456,2020/11/24,81.6,3191.9,1756.67
457,2020/11/23,77.25,3054.69,1673.33
458,2020/11/22,75.65,2973.21,1492.94
459,2020/11/21,78.06,2976.21,1490.3
460,2020/11/20,76.28,2915.86,1334.3
461,2020/11/19,71.16,2782.72,1253.56
462,2020/11/18,74.0,2771.25,1249.55
463,2020/11/17,73.92,2734.35,1254.77
464,2020/11/16,65.76,2591.51,1197.84
465,2020/11/15,61.64,2512.36,1169.82
466,2020/11/14,63.92,2540.8,1196.6
467,2020/11/13,67.79,2572.14,1216.39
468,2020/11/12,68.16,2547.57,1179.56
469,2020/11/11,67.27,2501.57,1193.27
470,2020/11/10,65.27,2450.92,1178.58
471,2020/11/09,66.09,2452.18,1167.95
472,2020/11/08,68.32,2484.3,1189.46
473,2020/11/07,64.62,2393.33,1149.09
474,2020/11/06,73.0,2498.97,1197.2
475,2020/11/05,70.87,2441.6,1105.08
476,2020/11/04,58.36,2279.62,1076.08
477,2020/11/03,58.22,2264.41,1063.81
478,2020/11/02,56.01,2216.45,1068.36
479,2020/11/01,55.94,2253.74,1101.46
480,2020/10/31,58.06,2246.58,1082.59
481,2020/10/30,58.08,2213.39,1073.42
482,2020/10/29,57.8,2208.78,1090.47
483,2020/10/28,58.93,2201.35,1105.09
484,2020/10/27,61.66,2241.95,1130.48
485,2020/10/26,57.65,2177.95,1119.41
486,2020/10/25,58.32,2187.12,1150.28
487,2020/10/24,60.2,2203.59,1166.64
488,2020/10/23,60.7,2177.23,1152.63
489,2020/10/22,61.92,2176.71,1156.76
490,2020/10/21,61.77,2137.29,1111.52
491,2020/10/20,52.85,2033.05,1071.37
492,2020/10/19,52.54,2026.85,1104.19
493,2020/10/18,51.27,2004.49,1103.52
494,2020/10/17,50.79,1983.39,1090.11
495,2020/10/16,51.03,1978.8,1086.54
496,2020/10/15,53.17,2012.9,1115.45
497,2020/10/14,53.0,2008.36,1121.85
498,2020/10/13,53.9,2013.99,1135.15
499,2020/10/12,55.32,2019.43,1137.85
500,2020/10/11,52.89,1979.7,1111.57
501,2020/10/10,52.4,1965.85,1100.05
502,2020/10/09,50.48,1935.9,1089.1
503,2020/10/08,48.63,1914.95,1062.11
504,2020/10/07,47.51,1891.31,1049.81
505,2020/10/06,46.58,1888.83,1046.41
506,2020/10/05,48.68,1918.16,1076.98
507,2020/10/04,48.09,1908.21,1075.98
508,2020/10/03,47.17,1892.58,1058.19
509,2020/10/02,46.38,1895.45,1057.79
510,2020/10/01,47.44,1910.44,1081.66
511,2020/09/30,48.79,1930.56,1095.63
512,2020/09/29,49.09,1934.43,1094.56
513,2020/09/28,47.39,1914.2,1083.46
514,2020/09/27,48.09,1923.11,1090.74
515,2020/09/26,47.48,1915.89,1079.54
516,2020/09/25,46.38,1907.03,1073.36
517,2020/09/24,45.62,1899.18,1050.79
518,2020/09/23,37.28,1798.77,975.63
519,2020/09/22,43.01,1877.42,1041.4
520,2020/09/21,40.41,1865.05,1029.46
521,2020/09/20,48.92,1967.07,1113.11
522,2020/09/19,50.84,1998.95,1147.75
523,2020/09/18,49.83,1981.44,1147.24
524,2020/09/17,50.41,1988.69,1153.99
525,2020/09/16,49.72,1979.32,1117.9
526,2020/09/15,49.29,1974.58,1128.27
527,2020/09/14,49.52,1977.16,1162.46
528,2020/09/13,46.12,1940.18,1149.41
529,2020/09/12,47.99,1963.34,1190.89
530,2020/09/11,45.48,1942.73,1162.02
531,2020/09/10,43.94,1936.66,1152.72
532,2020/09/09,40.69,1899.71,1114.89
533,2020/09/08,36.99,1881.14,1090.26
534,2020/09/07,40.12,1926.65,1123.67
535,2020/09/06,38.19,1925.22,1127.84
536,2020/09/05,33.49,1909.2,1093.56
537,2020/09/04,40.84,1999.14,1207.63
538,2020/09/03,33.17,1947.85,1178.44
539,2020/09/02,57.13,2174.16,1346.09
540,2020/09/01,63.01,2261.37,1426.99
541,2020/08/31,58.4,2191.77,1342.15
542,2020/08/30,58.0,2175.95,1326.04
543,2020/08/29,55.14,2124.11,1268.33
544,2020/08/28,55.1,2123.84,1251.31
545,2020/08/27,53.13,2090.76,1218.68
546,2020/08/26,55.33,2125.58,1252.42
547,2020/08/25,54.49,2115.64,1251.26
548,2020/08/24,59.22,2194.88,1320.3
549,2020/08/23,58.13,2170.77,1289.44
550,2020/08/22,59.51,2178.1,1295.76
551,2020/08/21,58.5,2159.65,1272.65
552,2020/08/20,61.48,2209.58,1330.12
553,2020/08/19,60.2,2180.7,1293.18
554,2020/08/18,63.01,2216.85,1337.5
555,2020/08/17,66.56,2251.63,1361.94
556,2020/08/16,64.46,2216.57,1360.63
557,2020/08/15,64.8,2203.74,1338.3
558,2020/08/14,66.1,2199.71,1337.4
559,2020/08/13,65.62,2176.26,1299.83
560,2020/08/12,62.61,2130.57,1232.93
561,2020/08/11,62.07,2115.4,1222.7
562,2020/08/10,67.17,2179.25,1268.17
563,2020/08/09,65.5,2150.18,1247.9
564,2020/08/08,66.92,2162.28,1257.35
565,2020/08/07,66.56,2133.34,1224.71
566,2020/08/06,70.05,2160.66,1255.13
567,2020/08/05,72.32,2156.13,1255.16
568,2020/08/04,69.6,2092.45,1242.43
569,2020/08/03,70.32,2081.01,1230.34
570,2020/08/02,68.22,2027.51,1177.98
571,2020/08/01,77.58,2158.54,1243.76
572,2020/07/31,72.25,2050.17,1140.84
573,2020/07/30,71.96,1994.66,1100.56
574,2020/07/29,73.74,1981.87,1070.47
575,2020/07/28,72.33,1935.06,1054.19
576,2020/07/27,75.78,1942.81,1038.99
577,2020/07/26,59.48,1800.0,1015.71
578,2020/07/25,56.61,1772.05,1011.86
579,2020/07/24,53.47,1723.23,945.11
580,2020/07/23,54.5,1720.77,943.61
581,2020/07/22,53.76,1704.24,924.81
582,2020/07/21,52.19,1668.99,887.46
583,2020/07/20,50.5,1637.85,863.72
584,2020/07/19,50.74,1643.77,876.75
585,2020/07/18,50.41,1636.42,870.64
586,2020/07/17,50.45,1635.95,863.09
587,2020/07/16,50.62,1636.88,865.64
588,2020/07/15,51.29,1648.07,878.77
589,2020/07/14,51.87,1652.94,880.94
590,2020/07/13,51.61,1649.08,875.71
591,2020/07/12,52.01,1658.88,887.22
592,2020/07/11,51.53,1646.61,880.22
593,2020/07/10,52.3,1654.02,876.58
594,2020/07/09,52.49,1649.01,884.27
595,2020/07/08,55.04,1673.34,894.23
596,2020/07/07,51.68,1635.39,852.51
597,2020/07/06,52.59,1644.47,853.98
598,2020/07/05,49.17,1593.22,804.2
599,2020/07/04,49.49,1600.26,806.79
600,2020/07/03,48.56,1588.84,794.71
601,2020/07/02,48.64,1592.9,791.97
602,2020/07/01,50.16,1617.59,805.56
603,2020/06/30,48.55,1591.15,785.65
604,2020/06/29,48.94,1602.21,792.65
605,2020/06/28,48.66,1599.62,788.18
606,2020/06/27,47.84,1588.8,779.35
607,2020/06/26,49.52,1619.48,811.05
608,2020/06/25,50.39,1633.95,817.73
609,2020/06/24,51.28,1647.53,826.05
610,2020/06/23,53.92,1687.12,844.73
611,2020/06/22,55.42,1698.26,848.74
612,2020/06/21,51.28,1642.61,815.82
613,2020/06/20,52.16,1655.46,822.49
614,2020/06/19,52.05,1650.93,822.02
615,2020/06/18,52.84,1659.69,827.54
616,2020/06/17,54.37,1676.09,839.2
617,2020/06/16,54.14,1674.17,832.26
618,2020/06/15,53.01,1657.74,823.1
619,2020/06/14,52.09,1647.93,825.25
620,2020/06/13,54.34,1673.75,845.52
621,2020/06/12,54.26,1671.26,842.51
622,2020/06/11,48.94,1623.58,811.34
623,2020/06/10,58.08,1726.29,874.24
624,2020/06/09,57.53,1717.85,868.34
625,2020/06/08,58.11,1721.49,875.13
626,2020/06/07,59.34,1720.15,873.33
627,2020/06/06,58.67,1714.59,872.34
628,2020/06/05,59.67,1708.08,869.11
629,2020/06/04,63.25,1732.32,876.85
630,2020/06/03,62.29,1717.8,877.42
631,2020/06/02,61.3,1694.99,860.29
632,2020/06/01,68.6,1764.82,871.23
633,2020/05/31,60.56,1672.75,835.98
634,2020/05/30,63.56,1701.68,860.78
635,2020/05/29,60.19,1653.98,807.02
636,2020/05/28,63.4,1674.45,808.74
637,2020/05/27,58.29,1614.62,780.42
638,2020/05/26,51.57,1557.95,761.97
639,2020/05/25,53.0,1573.32,771.64
640,2020/05/24,49.42,1546.94,754.49
641,2020/05/23,56.77,1610.64,777.91
642,2020/05/22,57.0,1610.23,782.04
643,2020/05/21,54.51,1593.72,756.08
644,2020/05/20,62.06,1656.73,785.1
645,2020/05/19,65.2,1681.01,791.24
646,2020/05/18,66.42,1679.05,792.18
647,2020/05/17,63.67,1655.4,764.57
648,2020/05/16,60.89,1618.48,754.92
649,2020/05/15,61.44,1612.99,746.71
650,2020/05/14,69.06,1671.78,763.62
651,2020/05/13,63.73,1613.19,757.09
652,2020/05/12,55.6,1536.23,732.45
653,2020/05/11,49.86,1504.68,719.65
654,2020/05/10,51.54,1534.13,730.06
655,2020/05/09,66.92,1668.51,805.93
656,2020/05/08,72.2,1707.18,811.6
657,2020/05/07,75.54,1712.95,798.5
658,2020/05/06,68.7,1623.62,778.77
659,2020/05/05,67.24,1597.82,791.39
660,2020/05/04,68.46,1586.77,795.82
661,2020/05/03,70.82,1596.26,806.63
662,2020/05/02,73.51,1601.88,818.77
663,2020/05/01,76.52,1584.07,807.38
664,2020/04/30,76.36,1538.01,780.49
665,2020/04/29,80.29,1557.59,807.58
666,2020/04/28,61.77,1411.92,760.71
667,2020/04/27,64.32,1414.98,749.99
668,2020/04/26,63.91,1402.09,749.15
669,2020/04/25,60.59,1371.04,733.68
670,2020/04/24,60.45,1356.27,718.62
671,2020/04/23,60.84,1345.96,707.85
672,2020/04/22,51.82,1292.18,692.21
673,2020/04/21,46.08,1254.16,666.75
674,2020/04/20,45.26,1251.2,665.39
675,2020/04/19,52.43,1294.03,691.3
676,2020/04/18,56.04,1309.23,710.06
677,2020/04/17,49.68,1268.57,671.9
678,2020/04/16,52.03,1274.68,674.94
679,2020/04/15,38.84,1200.93,627.37
680,2020/04/14,44.56,1240.53,647.7
681,2020/04/13,44.3,1240.22,647.07
682,2020/04/12,47.16,1256.29,659.34
683,2020/04/11,47.11,1255.78,660.01
684,2020/04/10,46.43,1247.52,654.44
685,2020/04/09,59.74,1312.34,698.59
686,2020/04/08,64.63,1316.99,704.2
687,2020/04/07,60.31,1280.7,667.76
688,2020/04/06,65.67,1304.25,687.23
689,2020/04/05,43.1,1198.72,605.96
690,2020/04/04,45.33,1206.13,609.82
691,2020/04/03,45.02,1193.53,605.05
692,2020/04/02,46.22,1191.56,597.63
693,2020/04/01,42.46,1174.68,586.03
694,2020/03/31,36.21,1140.81,578.16
695,2020/03/30,36.35,1139.36,575.71
696,2020/03/29,19.71,1060.11,543.72
697,2020/03/28,27.85,1123.3,574.68
698,2020/03/27,32.26,1149.97,579.55
699,2020/03/26,44.53,1205.18,604.66
700,2020/03/25,45.39,1197.11,589.34
701,2020/03/24,54.86,1213.6,601.37
702,2020/03/23,46.54,1171.86,587.58
703,2020/03/22,23.07,1077.84,547.99
704,2020/03/21,35.83,1137.51,585.54
705,2020/03/20,43.28,1140.26,582.38
706,2020/03/19,48.56,1134.92,593.55
707,2020/03/18,15.55,993.3,514.53
708,2020/03/17,13.67,997.78,517.25
709,2020/03/16,4.7,942.89,492.34
710,2020/03/15,7.74,1027.33,546.58
711,2020/03/14,3.89,1015.87,542.51
712,2020/03/13,4.33,1079.28,572.7
713,2020/03/12,0.2,933.77,479.72
714,2020/03/11,32.78,1413.5,751.97
715,2020/03/10,33.86,1436.13,782.74
716,2020/03/09,32.02,1458.61,794.78
717,2020/03/08,31.94,1469.8,785.28
718,2020/03/07,50.5,1618.66,906.62
719,2020/03/06,53.32,1650.65,935.07
720,2020/03/05,51.48,1629.09,903.69
721,2020/03/04,47.69,1588.4,885.2
722,2020/03/03,47.54,1591.38,891.48
723,2020/03/02,50.0,1621.63,914.21
724,2020/03/01,43.87,1565.21,867.89
725,2020/02/29,43.02,1562.25,862.37
726,2020/02/28,43.48,1598.62,891.13
727,2020/02/27,44.58,1615.51,898.19
728,2020/02/26,42.81,1611.94,882.68
729,2020/02/25,54.68,1726.43,982.0
730,2020/02/24,58.46,1789.39,1041.13
731,2020/02/23,61.22,1817.03,1069.97
732,2020/02/22,57.96,1766.09,1025.01
733,2020/02/21,59.64,1769.96,1032.34
734,2020/02/20,59.65,1767.17,1022.57
735,2020/02/19,58.63,1755.86,1022.82
736,2020/02/18,65.84,1838.15,1094.43
737,2020/02/17,61.51,1777.55,1060.62
738,2020/02/16,63.22,1796.4,1051.23
739,2020/02/15,63.66,1797.25,1085.73
740,2020/02/14,70.48,1880.4,1175.99
741,2020/02/13,71.95,1852.82,1133.53
742,2020/02/12,71.79,1837.26,1103.52
743,2020/02/11,68.82,1805.49,1036.62
744,2020/02/10,65.72,1755.65,1002.54
745,2020/02/09,70.57,1794.45,1015.23
746,2020/02/08,69.86,1756.03,993.69
747,2020/02/07,70.05,1742.52,984.01
748,2020/02/06,70.43,1704.29,957.19
749,2020/02/05,69.82,1669.45,933.62
750,2020/02/04,62.96,1592.53,871.97
751,2020/02/03,62.89,1602.48,867.5
752,2020/02/02,64.47,1597.51,854.92
753,2020/02/01,64.35,1595.72,840.21
754,2020/01/31,65.47,1584.61,827.01
755,2020/01/30,68.17,1589.42,837.0
756,2020/01/29,67.68,1562.51,807.68
757,2020/01/28,68.82,1548.5,801.56
758,2020/01/27,63.28,1490.8,781.14
759,2020/01/26,60.2,1467.01,769.79
760,2020/01/25,56.28,1426.78,737.99
761,2020/01/24,59.03,1439.26,748.28
762,2020/01/23,58.51,1430.25,744.13
763,2020/01/22,63.57,1465.56,777.05
764,2020/01/21,65.33,1467.22,772.97
765,2020/01/20,63.65,1447.5,757.17
766,2020/01/19,66.0,1447.87,750.61
767,2020/01/18,71.4,1476.62,765.4
768,2020/01/17,73.24,1467.35,767.0
769,2020/01/16,70.15,1429.21,736.27
770,2020/01/15,73.77,1420.31,729.6
771,2020/01/14,78.07,1424.02,740.99
772,2020/01/13,54.62,1303.62,620.71
773,2020/01/12,56.74,1310.92,626.55
774,2020/01/11,55.07,1286.23,610.67
775,2020/01/10,59.33,1308.13,617.35
776,2020/01/09,51.69,1257.44,579.95
777,2020/01/08,56.01,1273.21,580.76
778,2020/01/07,63.5,1318.73,604.2
779,2020/01/06,55.45,1262.06,605.15
780,2020/01/05,46.4,1197.55,565.84
781,2020/01/04,46.62,1198.62,562.26
782,2020/01/03,46.39,1196.34,559.71
783,2020/01/02,41.32,1133.8,529.37
784,2020/01/01,45.6,1171.94,548.91
785,2019/12/31,44.1,1172.45,547.59
786,2019/12/30,43.67,1177.46,551.47
787,2019/12/29,45.28,1196.68,558.8
788,2019/12/28,44.4,1185.23,547.99
789,2019/12/27,43.04,1176.75,541.45
790,2019/12/26,42.06,1173.07,537.38
791,2019/12/25,42.29,1171.87,535.42
792,2019/12/24,42.48,1186.87,543.96
793,2019/12/23,42.28,1191.45,542.67
794,2019/12/22,45.7,1216.45,556.34
795,2019/12/21,41.75,1164.64,538.0
796,2019/12/20,40.35,1172.12,543.61
797,2019/12/19,39.0,1168.0,537.75
798,2019/12/18,41.42,1188.72,549.5
799,2019/12/17,32.3,1092.87,513.92
800,2019/12/16,39.8,1149.41,559.92
801,2019/12/15,44.06,1195.67,594.06
802,2019/12/14,41.42,1188.66,589.34
803,2019/12/13,43.27,1220.3,606.71
804,2019/12/12,44.33,1207.71,593.45
805,2019/12/11,45.11,1215.38,597.5
806,2019/12/10,42.75,1222.72,602.18
807,2019/12/09,43.83,1243.76,613.77
808,2019/12/08,45.27,1262.52,623.8
809,2019/12/07,44.82,1256.73,617.52
810,2019/12/06,43.56,1260.27,618.58
811,2019/12/05,41.55,1244.33,614.38
812,2019/12/04,38.11,1223.51,609.4
813,2019/12/03,39.98,1240.4,623.3
814,2019/12/02,39.3,1238.02,623.41
815,2019/12/01,37.74,1248.63,634.83
816,2019/11/30,40.39,1272.61,638.47
817,2019/11/29,42.9,1301.94,654.33
818,2019/11/28,36.75,1256.41,641.35
819,2019/11/27,36.3,1255.26,633.46
820,2019/11/26,33.47,1213.59,613.23
821,2019/11/25,27.67,1200.02,602.01
822,2019/11/24,27.19,1183.52,595.01
823,2019/11/23,33.69,1255.5,641.27
824,2019/11/22,26.83,1246.72,628.33
825,2019/11/21,33.52,1305.94,666.23
826,2019/11/20,42.11,1374.59,704.0
827,2019/11/19,40.21,1379.32,709.89
828,2019/11/18,40.48,1392.62,719.97
829,2019/11/17,46.0,1444.85,750.35
830,2019/11/16,46.05,1443.77,748.09
831,2019/11/15,43.51,1439.11,741.72
832,2019/11/14,45.9,1465.04,758.93
833,2019/11/13,47.88,1486.78,773.21
834,2019/11/12,47.76,1490.86,771.84
835,2019/11/11,46.25,1479.11,767.68
836,2019/11/10,50.41,1520.93,781.18
837,2019/11/09,47.29,1487.08,766.96
838,2019/11/08,44.87,1476.93,754.9
839,2019/11/07,51.76,1537.52,778.42
840,2019/11/06,54.15,1558.04,801.31
841,2019/11/05,54.49,1553.22,791.94
842,2019/11/04,55.15,1556.48,779.04
843,2019/11/03,53.79,1542.45,768.73
844,2019/11/02,55.6,1552.66,770.99
845,2019/11/01,56.08,1545.41,766.62
846,2019/10/31,55.69,1532.1,764.35
847,2019/10/30,57.07,1532.15,766.73
848,2019/10/29,63.37,1562.62,782.24
849,2019/10/28,61.63,1532.57,756.77
850,2019/10/27,68.43,1557.89,756.72
851,2019/10/26,67.14,1520.9,735.75
852,2019/10/25,56.31,1453.12,742.26
853,2019/10/24,33.53,1275.54,669.45
854,2019/10/23,30.4,1283.32,667.9
855,2019/10/22,41.6,1372.0,707.56
856,2019/10/21,43.21,1397.52,717.6
857,2019/10/20,43.72,1401.96,716.89
858,2019/10/19,41.08,1367.44,706.08
859,2019/10/18,39.34,1368.27,708.41
860,2019/10/17,40.62,1390.34,724.57
861,2019/10/16,38.68,1377.19,707.63
862,2019/10/15,40.64,1407.12,725.74
863,2019/10/14,42.86,1433.2,744.87
864,2019/10/13,41.63,1414.01,721.76
865,2019/10/12,41.71,1417.22,716.21
866,2019/10/11,38.52,1409.12,711.65
867,2019/10/10,43.8,1460.4,738.57
868,2019/10/09,45.45,1471.06,755.78
869,2019/10/08,39.1,1408.07,727.14
870,2019/10/07,38.65,1408.63,724.29
871,2019/10/06,34.4,1356.32,686.6
872,2019/10/05,36.56,1392.59,700.37
873,2019/10/04,35.55,1395.09,698.4
874,2019/10/03,36.37,1412.59,695.66
875,2019/10/02,37.7,1434.69,709.76
876,2019/10/01,34.66,1417.22,694.91
877,2019/09/30,33.77,1420.46,708.94
878,2019/09/29,30.91,1371.26,671.44
879,2019/09/28,31.11,1401.54,688.29
880,2019/09/27,27.32,1395.9,685.95
881,2019/09/26,20.34,1372.66,668.94
882,2019/09/25,21.85,1427.11,684.63
883,2019/09/24,16.31,1421.25,664.54
884,2019/09/23,44.23,1632.39,794.37
885,2019/09/22,48.27,1693.73,832.55
886,2019/09/21,48.66,1701.89,856.15
887,2019/09/20,49.68,1725.96,865.73
888,2019/09/19,51.2,1743.78,878.43
889,2019/09/18,50.24,1728.9,876.1
890,2019/09/17,48.72,1708.8,837.64
891,2019/09/16,47.99,1695.2,799.52
892,2019/09/15,47.93,1689.7,782.95
893,2019/09/14,48.22,1699.03,784.35
894,2019/09/13,48.18,1694.52,766.45
895,2019/09/12,48.41,1706.66,766.04
896,2019/09/11,46.47,1677.8,763.66
897,2019/09/10,45.97,1674.22,773.26
898,2019/09/09,46.91,1696.46,776.33
899,2019/09/08,47.83,1708.11,780.45
900,2019/09/07,48.03,1710.96,766.51
901,2019/09/06,45.12,1681.05,737.11
902,2019/09/05,48.47,1720.36,751.91
903,2019/09/04,48.8,1723.2,757.89
904,2019/09/03,50.52,1738.02,773.45
905,2019/09/02,48.04,1708.02,769.56
906,2019/09/01,43.24,1628.92,751.32
907,2019/08/31,41.44,1613.01,752.05
908,2019/08/30,39.46,1612.8,748.08
909,2019/08/29,35.88,1600.99,746.96
910,2019/08/28,37.48,1636.75,762.99
911,2019/08/27,44.15,1706.42,811.06
912,2019/08/26,45.3,1731.38,816.64
913,2019/08/25,42.49,1708.99,814.38
914,2019/08/24,41.85,1713.76,826.57
915,2019/08/23,43.93,1742.41,833.4
916,2019/08/22,40.62,1713.41,824.7
917,2019/08/21,39.71,1713.82,809.97
918,2019/08/20,48.14,1797.08,837.79
919,2019/08/19,51.66,1831.87,861.4
920,2019/08/18,44.01,1755.32,845.75
921,2019/08/17,41.32,1728.02,812.05
922,2019/08/16,39.72,1743.08,811.29
923,2019/08/15,39.23,1756.78,828.33
924,2019/08/14,32.47,1707.08,816.5
925,2019/08/13,49.14,1851.23,901.88
926,2019/08/12,53.98,1909.49,904.9
927,2019/08/11,57.2,1938.54,924.33
928,2019/08/10,54.88,1904.92,896.49
929,2019/08/09,60.25,1956.81,887.84
930,2019/08/08,63.11,1976.54,925.66
931,2019/08/07,66.29,1980.43,937.25
932,2019/08/06,65.2,1941.71,949.35
933,2019/08/05,73.17,2001.45,983.64
934,2019/08/04,56.34,1851.31,940.3
935,2019/08/03,55.11,1832.41,940.93
936,2019/08/02,53.73,1808.22,936.63
937,2019/08/01,51.23,1783.03,937.26
938,2019/07/31,48.25,1751.39,947.71
939,2019/07/30,39.35,1668.3,915.67
940,2019/07/29,37.45,1661.53,911.61
941,2019/07/28,37.38,1667.51,917.15
942,2019/07/27,33.99,1666.1,914.79
943,2019/07/26,39.78,1727.61,957.8
944,2019/07/25,38.64,1727.13,945.2
945,2019/07/24,34.53,1713.53,945.49
946,2019/07/23,32.78,1723.68,929.12
947,2019/07/22,40.5,1792.72,958.95
948,2019/07/21,45.63,1834.12,986.84
949,2019/07/20,48.11,1861.73,997.0
950,2019/07/19,40.84,1815.88,956.81
951,2019/07/18,39.69,1828.9,960.15
952,2019/07/17,20.22,1694.52,905.14
953,2019/07/16,12.79,1649.51,860.61
954,2019/07/15,39.2,1890.07,977.19
955,2019/07/14,27.11,1803.04,957.96
956,2019/07/13,55.13,2022.52,1098.95
957,2019/07/12,59.3,2075.44,1122.72
958,2019/07/11,50.78,2015.75,1094.6
959,2019/07/10,64.81,2149.22,1183.83
960,2019/07/09,72.41,2223.41,1255.06
961,2019/07/08,72.01,2194.56,1272.44
962,2019/07/07,64.66,2094.44,1262.61
963,2019/07/06,63.29,2074.78,1235.34
964,2019/07/05,60.06,2045.63,1227.54
965,2019/07/04,60.38,2059.47,1221.45
966,2019/07/03,72.72,2180.06,1275.96
967,2019/07/02,58.94,2042.23,1252.71
968,2019/07/01,56.45,2040.28,1283.26
969,2019/06/30,61.56,2102.05,1288.81
970,2019/06/29,73.86,2246.9,1370.16
971,2019/06/28,80.62,2310.73,1349.48
972,2019/06/27,67.82,2149.85,1296.12
973,2019/06/26,88.54,2415.78,1439.67
974,2019/06/25,78.25,2193.29,1393.0
975,2019/06/24,71.84,2070.32,1365.87
976,2019/06/23,73.81,2042.26,1354.24
977,2019/06/22,77.05,2015.12,1358.12
978,2019/06/21,73.78,1946.66,1309.01
979,2019/06/20,68.34,1855.61,1263.91
980,2019/06/19,67.15,1832.36,1275.43
981,2019/06/18,67.15,1809.78,1264.56
982,2019/06/17,71.04,1838.83,1289.22
983,2019/06/16,69.44,1792.58,1269.69
984,2019/06/15,67.75,1763.9,1251.6
985,2019/06/14,68.56,1752.69,1243.64
986,2019/06/13,64.53,1689.92,1228.06
987,2019/06/12,64.57,1679.22,1233.53
988,2019/06/11,61.19,1638.03,1198.83
989,2019/06/10,63.79,1658.62,1209.63
990,2019/06/09,58.24,1605.95,1161.6
991,2019/06/08,63.74,1657.65,1207.88
992,2019/06/07,65.13,1666.82,1221.9
993,2019/06/06,60.96,1627.47,1197.76
994,2019/06/05,60.23,1633.97,1193.26
995,2019/06/04,56.27,1618.35,1183.01
996,2019/06/03,64.07,1695.94,1228.97
997,2019/06/02,73.13,1781.16,1290.21
998,2019/06/01,72.38,1752.52,1267.06
999,2019/05/31,75.81,1769.15,1291.76
1000,2019/05/30,70.52,1706.11,1225.56
1001,2019/05/29,76.83,1754.89,1276.91
1002,2019/05/28,77.77,1740.08,1248.22
1003,2019/05/27,80.38,1737.21,1234.92
1004,2019/05/26,80.41,1700.9,1182.67
1005,2019/05/25,72.1,1593.9,1119.35
1006,2019/05/24,73.04,1592.83,1120.26
1007,2019/05/23,72.38,1573.68,1101.99
1008,2019/05/22,70.32,1551.15,1095.21
1009,2019/05/21,75.86,1594.33,1137.17
1010,2019/05/20,77.89,1593.69,1122.48
1011,2019/05/19,83.65,1620.72,1147.71
1012,2019/05/18,71.02,1479.59,1056.17
1013,2019/05/17,72.98,1503.11,1086.9
1014,2019/05/16,85.5,1602.41,1161.45
1015,2019/05/15,90.14,1611.77,1152.13
1016,2019/05/14,90.54,1539.63,1039.3
1017,2019/05/13,87.97,1449.74,924.43
1018,2019/05/12,78.05,1315.97,878.91
1019,2019/05/11,84.89,1347.64,899.96
1020,2019/05/10,67.28,1214.32,819.68
1021,2019/05/09,64.72,1183.24,804.57
1022,2019/05/08,60.92,1151.18,805.14
1023,2019/05/07,59.65,1124.28,794.71
1024,2019/05/06,58.89,1117.36,807.37
1025,2019/05/05,58.74,1120.95,798.11
1026,2019/05/04,62.58,1123.0,799.26
1027,2019/05/03,63.58,1116.67,811.05
1028,2019/05/02,57.94,1076.23,787.53
1029,2019/05/01,56.44,1060.52,784.33
1030,2019/04/30,56.62,1054.44,787.44
1031,2019/04/29,52.84,1024.33,748.56
1032,2019/04/28,55.37,1049.26,774.09
1033,2019/04/27,55.41,1050.01,780.17
1034,2019/04/26,56.32,1053.04,781.54
1035,2019/04/25,55.08,1047.91,775.36
1036,2019/04/24,61.68,1099.21,814.31
1037,2019/04/23,64.08,1116.87,840.49
1038,2019/04/22,62.57,1100.5,850.84
1039,2019/04/21,62.0,1087.9,845.13
1040,2019/04/20,63.0,1098.52,865.69
1041,2019/04/19,64.04,1093.32,866.46
1042,2019/04/18,65.51,1093.6,870.31
1043,2019/04/17,64.18,1077.08,852.4
1044,2019/04/16,65.66,1081.02,855.99
1045,2019/04/15,62.33,1054.05,837.35
1046,2019/04/14,65.76,1077.01,861.36
1047,2019/04/13,63.58,1060.42,843.88
1048,2019/04/12,64.79,1062.18,845.73
1049,2019/04/11,63.33,1058.02,845.16
1050,2019/04/10,72.84,1128.62,917.86
1051,2019/04/09,71.56,1102.06,900.34
1052,2019/04/08,77.82,1123.36,922.6
1053,2019/04/07,77.47,1098.58,911.23
1054,2019/04/06,77.5,1073.13,886.45
1055,2019/04/05,80.12,1057.34,878.09
1056,2019/04/04,78.51,1020.04,830.66
1057,2019/04/03,85.08,1029.12,843.11
1058,2019/04/02,84.85,995.51,815.73
1059,2019/04/01,55.77,871.14,718.46
1060,2019/03/31,54.9,861.13,709.51
1061,2019/03/30,54.59,855.47,703.86
1062,2019/03/29,56.07,857.67,707.08
1063,2019/03/28,54.08,839.76,691.27
1064,2019/03/27,54.4,841.0,694.06
1065,2019/03/26,52.52,822.5,670.62
1066,2019/03/25,53.03,820.56,668.64
1067,2019/03/24,54.31,831.09,679.52
1068,2019/03/23,54.62,829.57,682.34
1069,2019/03/22,55.25,821.96,670.18
1070,2019/03/21,55.06,818.57,663.79
1071,2019/03/20,55.81,830.48,677.64
1072,2019/03/19,55.99,821.18,669.79
1073,2019/03/18,56.02,816.55,666.63
1074,2019/03/17,54.22,811.93,664.44
1075,2019/03/16,55.32,815.49,667.34
1076,2019/03/15,54.08,798.9,652.99
1077,2019/03/14,53.36,788.32,637.6
1078,2019/03/13,53.62,786.51,636.61
1079,2019/03/12,53.96,786.6,636.66
1080,2019/03/11,54.23,784.87,631.43
1081,2019/03/10,55.21,786.6,635.11
1082,2019/03/09,55.74,788.35,635.2
1083,2019/03/08,53.05,776.78,621.77
1084,2019/03/07,53.06,777.95,628.05
1085,2019/03/06,52.55,773.32,625.05
1086,2019/03/05,52.19,769.41,621.11
1087,2019/03/04,47.42,742.93,588.91
1088,2019/03/03,50.52,761.76,607.8
1089,2019/03/02,51.19,765.97,612.86
1090,2019/03/01,51.55,767.55,617.23
1091,2019/02/28,51.5,765.47,614.58
1092,2019/02/27,52.61,767.65,615.28
1093,2019/02/26,52.23,765.59,617.47
1094,2019/02/25,54.2,772.51,625.28
1095,2019/02/24,48.11,748.78,595.87
1096,2019/02/23,60.85,818.75,668.77
1097,2019/02/22,55.66,788.9,638.65
1098,2019/02/21,57.21,784.03,633.1
1099,2019/02/20,58.62,788.71,644.41
1100,2019/02/19,58.52,771.61,623.34
1101,2019/02/18,58.4,768.53,622.09
1102,2019/02/17,49.58,727.34,582.87
1103,2019/02/16,46.86,713.72,564.83
1104,2019/02/15,46.58,711.09,563.06
1105,2019/02/14,46.66,709.06,559.74
1106,2019/02/13,46.37,710.86,563.36
1107,2019/02/12,46.36,711.39,564.8
1108,2019/02/11,46.0,708.64,558.8
1109,2019/02/10,48.46,720.26,573.48
1110,2019/02/09,46.99,711.67,562.35
1111,2019/02/08,48.55,713.28,563.33
1112,2019/02/07,38.95,665.18,516.92
1113,2019/02/06,37.1,663.49,512.32
1114,2019/02/05,38.72,674.54,524.59
1115,2019/02/04,39.2,673.99,526.12
1116,2019/02/03,40.87,673.44,525.37
1117,2019/02/02,42.63,683.35,537.44
1118,2019/02/01,39.7,673.17,525.98
1119,2019/01/31,35.58,667.14,522.64
1120,2019/01/30,37.84,680.16,540.34
1121,2019/01/29,36.23,666.04,516.9
1122,2019/01/28,33.71,672.25,522.26
1123,2019/01/27,39.76,702.03,554.39
1124,2019/01/26,40.8,709.66,566.42
1125,2019/01/25,38.7,708.44,565.38
1126,2019/01/24,40.09,715.02,572.76
1127,2019/01/23,39.35,717.72,575.39
1128,2019/01/22,39.04,721.9,580.04
1129,2019/01/21,37.23,712.81,570.79
1130,2019/01/20,35.37,713.83,570.65
1131,2019/01/19,39.51,738.55,591.83
1132,2019/01/18,36.0,725.28,580.33
1133,2019/01/17,37.31,733.65,590.47
1134,2019/01/16,36.35,729.91,587.98
1135,2019/01/15,33.49,722.73,578.08
1136,2019/01/14,36.47,740.3,598.73
1137,2019/01/13,29.23,704.34,557.47
1138,2019/01/12,34.04,737.93,594.48
1139,2019/01/11,31.34,737.55,593.3
1140,2019/01/10,26.34,736.82,594.69
1141,2019/01/09,47.14,820.12,679.42
1142,2019/01/08,47.42,820.26,675.56
1143,2019/01/07,47.81,820.74,672.92
1144,2019/01/06,50.1,829.0,684.43
1145,2019/01/05,43.42,795.77,665.65
1146,2019/01/04,43.4,795.16,662.88
1147,2019/01/03,41.71,787.57,652.42
1148,2019/01/02,46.55,806.0,674.89
1149,2019/01/01,41.51,783.59,644.41
1150,2018/12/31,36.78,762.12,621.03
1151,2018/12/30,41.34,784.91,646.52
1152,2018/12/29,37.56,768.51,633.39
1153,2018/12/28,44.57,792.7,652.28
1154,2018/12/27,30.2,736.14,587.01
1155,2018/12/26,41.08,784.82,646.35
1156,2018/12/25,39.2,776.03,639.58
1157,2018/12/24,59.61,833.74,691.12
1158,2018/12/23,51.31,805.61,657.42
1159,2018/12/22,48.77,791.42,625.6
1160,2018/12/21,51.07,767.67,606.32
1161,2018/12/20,66.7,802.31,629.15
1162,2018/12/19,46.39,719.1,555.31
1163,2018/12/18,48.57,714.75,554.18
1164,2018/12/17,43.88,677.92,516.73
1165,2018/12/16,33.02,620.0,462.97
1166,2018/12/15,31.43,614.38,455.89
1167,2018/12/14,28.78,618.4,459.08
1168,2018/12/13,29.17,634.93,475.03
1169,2018/12/12,31.96,661.75,493.22
1170,2018/12/11,27.6,650.49,484.87
1171,2018/12/10,27.86,663.15,494.66
1172,2018/12/09,29.57,684.34,511.79
1173,2018/12/08,23.52,661.53,495.63
1174,2018/12/07,19.23,663.08,500.04
1175,2018/12/06,17.08,674.33,502.42
1176,2018/12/05,24.49,737.44,564.09
1177,2018/12/04,27.96,776.92,600.88
1178,2018/12/03,24.39,768.57,598.84
1179,2018/12/02,32.1,829.16,647.66
1180,2018/12/01,31.09,828.22,646.73
1181,2018/11/30,24.45,802.32,628.25
1182,2018/11/29,31.01,845.67,656.65
1183,2018/11/28,33.03,849.12,671.29
1184,2018/11/27,20.03,777.03,616.85
1185,2018/11/26,14.82,774.44,613.78
1186,2018/11/25,17.66,817.64,647.87
1187,2018/11/24,14.08,803.03,644.61
1188,2018/11/23,20.81,889.23,706.18
1189,2018/11/22,19.97,889.0,715.36
1190,2018/11/21,19.99,948.96,768.65
1191,2018/11/20,10.66,927.28,746.72
1192,2018/11/19,17.64,1017.61,832.15
1193,2018/11/18,40.56,1162.91,948.94
1194,2018/11/17,36.78,1148.92,931.4
1195,2018/11/16,35.05,1150.6,926.79
1196,2018/11/15,34.92,1182.53,967.38
1197,2018/11/14,38.99,1222.93,994.62
1198,2018/11/13,49.6,1316.29,1080.97
1199,2018/11/12,50.16,1326.79,1101.03
1200,2018/11/11,50.01,1323.96,1094.94
1201,2018/11/10,50.04,1324.87,1099.99
1202,2018/11/09,49.94,1321.37,1092.23
1203,2018/11/08,50.61,1329.55,1100.29
1204,2018/11/07,52.5,1351.12,1136.17
1205,2018/11/06,53.65,1352.51,1154.65
1206,2018/11/05,49.85,1311.89,1083.58
1207,2018/11/04,49.7,1308.48,1074.23
1208,2018/11/03,48.62,1274.64,1022.09
1209,2018/11/02,48.21,1279.55,1025.89
1210,2018/11/01,48.23,1270.74,1007.81
1211,2018/10/31,47.27,1264.66,1001.07
1212,2018/10/30,47.05,1258.08,992.99
1213,2018/10/29,44.86,1246.7,979.87
1214,2018/10/28,48.94,1287.87,1026.89
1215,2018/10/27,48.66,1287.74,1021.64
1216,2018/10/26,47.88,1288.86,1025.48
1217,2018/10/25,47.36,1287.66,1024.14
1218,2018/10/24,47.23,1292.69,1029.16
1219,2018/10/23,47.02,1292.12,1033.37
1220,2018/10/22,47.09,1294.28,1032.3
1221,2018/10/21,47.44,1296.87,1034.64
1222,2018/10/20,47.24,1296.69,1036.21
1223,2018/10/19,46.1,1290.6,1026.89
1224,2018/10/18,46.36,1295.13,1025.41
1225,2018/10/17,46.23,1299.05,1036.23
1226,2018/10/16,46.37,1301.09,1035.33
1227,2018/10/15,45.65,1304.46,1029.88
1228,2018/10/14,42.81,1256.84,981.44
1229,2018/10/13,42.91,1266.59,1003.0
1230,2018/10/12,39.15,1260.85,992.77
1231,2018/10/11,34.92,1244.3,960.09
1232,2018/10/10,47.91,1352.52,1110.82
1233,2018/10/09,49.33,1366.85,1127.51
1234,2018/10/08,49.92,1374.84,1139.96
1235,2018/10/07,48.67,1358.21,1120.15
1236,2018/10/06,48.42,1355.26,1114.07
1237,2018/10/05,49.58,1370.27,1139.37
1238,2018/10/04,49.06,1364.16,1132.18
1239,2018/10/03,47.65,1348.8,1121.72
1240,2018/10/02,47.66,1350.33,1128.16
1241,2018/10/01,49.56,1367.94,1160.81
1242,2018/09/30,50.24,1372.05,1165.27
1243,2018/09/29,49.46,1363.72,1155.99
1244,2018/09/28,48.71,1354.68,1129.38
1245,2018/09/27,50.88,1370.15,1151.47
1246,2018/09/26,45.09,1323.93,1092.21
1247,2018/09/25,45.27,1326.25,1097.01
1248,2018/09/24,47.32,1342.35,1102.13
1249,2018/09/23,54.95,1393.46,1186.22
1250,2018/09/22,55.87,1385.27,1162.84
1251,2018/09/21,61.03,1393.53,1179.0
1252,2018/09/20,46.76,1306.12,1056.92
1253,2018/09/19,40.15,1243.22,949.75
1254,2018/09/18,39.37,1240.82,947.47
1255,2018/09/17,35.7,1207.59,892.53
1256,2018/09/16,40.72,1255.99,952.72
1257,2018/09/15,40.66,1255.34,950.25
1258,2018/09/14,38.25,1245.43,932.27
1259,2018/09/13,38.87,1250.21,942.34
1260,2018/09/12,34.2,1202.39,874.85
1261,2018/09/11,34.36,1209.63,887.89
1262,2018/09/10,35.77,1232.51,924.92
1263,2018/09/09,33.83,1230.27,929.06
1264,2018/09/08,32.61,1227.87,929.55
1265,2018/09/07,33.5,1272.64,980.86
1266,2018/09/06,34.14,1311.66,1027.86
1267,2018/09/05,32.29,1316.84,1003.29
1268,2018/09/04,49.44,1474.32,1192.09
1269,2018/09/03,47.96,1453.72,1181.59
1270,2018/09/02,48.66,1457.73,1191.8
1271,2018/09/01,48.4,1448.42,1196.21
1272,2018/08/31,44.5,1402.44,1134.65
1273,2018/08/30,43.96,1397.45,1126.96
1274,2018/08/29,44.12,1399.39,1137.18
1275,2018/08/28,45.61,1409.9,1154.91
1276,2018/08/27,43.25,1375.67,1119.12
1277,2018/08/26,41.06,1333.25,1065.44
1278,2018/08/25,41.9,1346.22,1079.28
1279,2018/08/24,41.22,1343.78,1083.18
1280,2018/08/23,39.71,1326.1,1073.8
1281,2018/08/22,34.97,1297.04,1048.43
1282,2018/08/21,37.74,1318.78,1072.82
1283,2018/08/20,33.6,1302.25,1065.08
1284,2018/08/19,38.84,1366.3,1153.99
1285,2018/08/18,35.92,1352.17,1134.73
1286,2018/08/17,41.3,1404.55,1215.4
1287,2018/08/16,35.34,1315.42,1074.77
1288,2018/08/15,32.22,1307.43,1060.44
1289,2018/08/14,28.64,1288.6,1044.01
1290,2018/08/13,31.86,1325.56,1084.74
1291,2018/08/12,37.53,1374.14,1177.61
1292,2018/08/11,31.65,1365.81,1175.68
1293,2018/08/10,30.39,1382.46,1227.2
1294,2018/08/09,33.15,1455.14,1305.37
1295,2018/08/08,27.13,1409.5,1264.25
1296,2018/08/07,35.31,1523.13,1390.47
1297,2018/08/06,41.42,1586.59,1472.52
1298,2018/08/05,42.8,1609.32,1497.69
1299,2018/08/04,39.56,1599.64,1479.71
1300,2018/08/03,43.55,1668.09,1525.45
1301,2018/08/02,44.36,1692.36,1527.93
1302,2018/08/01,46.08,1712.45,1568.04
1303,2018/07/31,46.21,1724.74,1577.22
1304,2018/07/30,53.25,1817.1,1662.12
1305,2018/07/29,54.41,1830.75,1695.26
1306,2018/07/28,54.71,1829.86,1696.37
1307,2018/07/27,56.3,1815.27,1689.0
1308,2018/07/26,53.87,1791.24,1677.15
1309,2018/07/25,59.67,1831.87,1714.41
1310,2018/07/24,65.82,1874.67,1738.65
1311,2018/07/23,53.69,1754.74,1646.73
1312,2018/07/22,49.67,1718.2,1656.98
1313,2018/07/21,50.52,1729.28,1675.07
1314,2018/07/20,49.86,1710.06,1641.21
1315,2018/07/19,56.14,1770.83,1740.84
1316,2018/07/18,58.84,1765.87,1759.67
1317,2018/07/17,56.29,1741.65,1757.4
1318,2018/07/16,46.95,1633.39,1673.14
1319,2018/07/15,43.31,1555.16,1576.89
1320,2018/07/14,42.71,1529.01,1540.16
1321,2018/07/13,39.46,1519.5,1532.89
1322,2018/07/12,38.42,1510.68,1508.7
1323,2018/07/11,38.9,1548.23,1554.42
1324,2018/07/10,36.1,1524.52,1525.83
1325,2018/07/09,42.46,1616.19,1636.86
1326,2018/07/08,44.21,1644.53,1683.6
1327,2018/07/07,44.47,1651.75,1690.95
1328,2018/07/06,42.82,1636.4,1675.35
1329,2018/07/05,42.09,1621.7,1667.59
1330,2018/07/04,41.73,1617.52,1669.26
1331,2018/07/03,41.17,1606.68,1654.6
1332,2018/07/02,42.56,1613.93,1669.03
1333,2018/07/01,38.55,1550.64,1584.05
1334,2018/06/30,39.49,1562.52,1596.24
1335,2018/06/29,37.12,1505.9,1527.77
1336,2018/06/28,33.86,1453.85,1482.23
1337,2018/06/27,35.59,1519.96,1561.99
1338,2018/06/26,33.12,1501.13,1530.62
1339,2018/06/25,33.82,1557.49,1612.95
1340,2018/06/24,30.64,1548.67,1604.81
1341,2018/06/23,34.55,1586.25,1670.33
1342,2018/06/22,28.77,1579.38,1670.78
1343,2018/06/21,40.56,1728.69,1850.8
1344,2018/06/20,39.46,1742.91,1873.18
1345,2018/06/19,41.44,1758.03,1899.7
1346,2018/06/18,40.46,1718.88,1842.3
1347,2018/06/17,40.23,1666.51,1789.48
1348,2018/06/16,37.45,1679.06,1802.19
1349,2018/06/15,33.05,1660.37,1785.48
1350,2018/06/14,33.37,1722.23,1870.7
1351,2018/06/13,26.78,1621.82,1738.97
1352,2018/06/12,28.08,1698.76,1826.41
1353,2018/06/11,33.44,1796.56,1959.4
1354,2018/06/10,28.18,1780.63,1940.45
1355,2018/06/09,43.98,1972.04,2180.72
1356,2018/06/08,44.55,1998.53,2210.72
1357,2018/06/07,44.67,2011.72,2229.73
1358,2018/06/06,44.43,2011.74,2233.19
1359,2018/06/05,44.54,2022.29,2253.68
1360,2018/06/04,41.82,1983.32,2200.62
1361,2018/06/03,46.03,2049.67,2295.43
1362,2018/06/02,42.42,1992.88,2201.36
1363,2018/06/01,40.76,1950.72,2130.89
1364,2018/05/31,39.57,1952.48,2134.32
1365,2018/05/30,35.75,1916.87,2080.59
1366,2018/05/29,36.71,1940.7,2108.7
1367,2018/05/28,27.44,1799.07,1912.58
1368,2018/05/27,38.09,1935.8,2123.21
1369,2018/05/26,36.2,1951.27,2157.62
1370,2018/05/25,33.63,1969.87,2162.77
1371,2018/05/24,32.34,2015.67,2232.54
1372,2018/05/23,28.69,1980.67,2150.67
1373,2018/05/22,39.52,2131.39,2352.63
1374,2018/05/21,46.63,2263.54,2528.89
1375,2018/05/20,48.24,2289.9,2575.49
1376,2018/05/19,44.59,2215.37,2482.35
1377,2018/05/18,43.61,2229.41,2499.28
1378,2018/05/17,40.04,2199.73,2456.71
1379,2018/05/16,43.99,2280.93,2573.56
1380,2018/05/15,46.15,2317.43,2603.99
1381,2018/05/14,52.54,2416.9,2738.38
1382,2018/05/13,53.55,2430.32,2763.53
1383,2018/05/12,43.48,2312.73,2599.28
1384,2018/05/11,34.4,2238.91,2500.85
1385,2018/05/10,51.72,2446.03,2759.93
1386,2018/05/09,59.69,2582.57,2940.03
1387,2018/05/08,58.79,2566.82,2944.24
1388,2018/05/07,61.81,2611.54,2993.6
1389,2018/05/06,67.61,2698.53,3110.73
1390,2018/05/05,71.17,2742.92,3170.15
1391,2018/05/04,69.58,2660.46,3044.75
1392,2018/05/03,73.92,2664.2,3044.63
1393,2018/05/02,65.05,2509.84,2874.92
1394,2018/05/01,63.34,2452.92,2791.5
1395,2018/04/30,66.33,2474.95,2785.85
1396,2018/04/29,72.96,2534.95,2893.32
1397,2018/04/28,68.92,2466.26,2788.48
1398,2018/04/27,64.96,2374.77,2655.25
1399,2018/04/26,71.56,2437.32,2714.84
1400,2018/04/25,66.15,2317.4,2541.67
1401,2018/04/24,82.61,2536.87,2834.05
1402,2018/04/23,71.2,2358.07,2635.47
1403,2018/04/22,66.7,2270.9,2497.32
1404,2018/04/21,72.03,2268.61,2466.28
1405,2018/04/20,75.87,2272.68,2511.36
1406,2018/04/19,63.78,2094.87,2276.92
1407,2018/04/18,52.04,1961.94,2086.51
1408,2018/04/17,44.75,1866.08,1940.27
1409,2018/04/16,48.66,1899.46,1962.69
1410,2018/04/15,49.04,1890.94,1946.27
1411,2018/04/14,43.46,1798.61,1829.26
1412,2018/04/13,50.08,1805.43,1837.87
1413,2018/04/12,50.92,1754.56,1789.8
1414,2018/04/11,37.93,1598.35,1624.36
1415,2018/04/10,35.58,1559.19,1548.28
1416,2018/04/09,34.67,1552.41,1530.81
1417,2018/04/08,36.32,1571.69,1533.98
1418,2018/04/07,33.97,1541.55,1493.23
1419,2018/04/06,27.85,1493.68,1450.87
1420,2018/04/05,27.88,1531.07,1498.28
1421,2018/04/04,26.95,1539.59,1498.17
1422,2018/04/03,38.32,1676.8,1645.52
1423,2018/04/02,30.64,1571.72,1517.37
1424,2018/04/01,26.69,1520.88,1464.15
1425,2018/03/31,28.1,1581.64,1540.94
1426,2018/03/30,22.0,1566.95,1531.87
1427,2018/03/29,18.86,1602.57,1536.65
1428,2018/03/28,26.87,1796.11,1752.8
1429,2018/03/27,23.38,1795.43,1768.65
1430,2018/03/26,26.62,1895.97,1885.9
1431,2018/03/25,31.81,2016.03,2037.48
1432,2018/03/24,30.21,2023.04,2029.68
1433,2018/03/23,33.06,2070.29,2068.0
1434,2018/03/22,34.15,2079.69,2101.01
1435,2018/03/21,36.43,2122.18,2157.97
1436,2018/03/20,36.58,2112.35,2157.69
1437,2018/03/19,38.45,2108.68,2174.39
1438,2018/03/18,28.91,1931.06,1965.93
1439,2018/03/17,27.58,1888.82,1956.24
1440,2018/03/16,28.92,2017.4,2124.5
1441,2018/03/15,23.7,2035.96,2157.98
1442,2018/03/14,21.52,2054.64,2187.84
1443,2018/03/13,32.56,2303.36,2472.96
1444,2018/03/12,31.15,2326.63,2510.59
1445,2018/03/11,33.28,2388.76,2570.5
1446,2018/03/10,26.64,2260.51,2452.58
1447,2018/03/09,26.5,2396.41,2608.46
1448,2018/03/08,23.81,2377.34,2548.82
1449,2018/03/07,26.59,2535.63,2722.5
1450,2018/03/06,36.0,2725.43,2929.88
1451,2018/03/05,41.56,2867.94,3063.17
1452,2018/03/04,41.85,2871.07,3102.93
1453,2018/03/03,42.25,2885.4,3080.87
1454,2018/03/02,40.51,2857.02,3102.45
1455,2018/03/01,39.57,2841.06,3124.4
1456,2018/02/28,37.15,2792.32,3102.28
1457,2018/02/27,38.68,2837.27,3174.09
1458,2018/02/26,37.51,2831.69,3201.49
1459,2018/02/25,33.36,2754.58,3162.55
1460,2018/02/24,33.63,2802.37,3190.04
1461,2018/02/23,38.71,2916.37,3311.07
1462,2018/02/22,31.34,2801.17,3142.9
1463,2018/02/21,44.62,3048.13,3417.06
1464,2018/02/20,56.3,3209.25,3586.06
1465,2018/02/19,50.98,3129.31,3618.15
1466,2018/02/18,46.36,3011.86,3527.55
1467,2018/02/17,55.09,3125.06,3685.35
1468,2018/02/16,48.58,2990.16,3592.77
1469,2018/02/15,49.77,2942.23,3518.5
1470,2018/02/14,44.3,2793.16,3407.03
1471,2018/02/13,35.79,2625.65,3189.78
1472,2018/02/12,39.86,2679.89,3249.58
1473,2018/02/11,29.57,2492.81,3047.11
1474,2018/02/10,43.05,2666.43,3261.73
1475,2018/02/09,45.12,2640.9,3216.63
1476,2018/02/08,38.58,2470.1,2967.25
1477,2018/02/07,19.33,2156.35,2566.67
1478,2018/02/06,20.66,2249.85,2701.59
1479,2018/02/05,8.45,2017.36,2404.76
1480,2018/02/04,12.84,2333.43,2816.0
1481,2018/02/03,15.83,2538.28,3098.19
1482,2018/02/02,8.35,2467.15,2977.81
1483,2018/02/01,12.61,2718.69,3346.11
1484,2018/01/31,22.72,3125.94,3879.82
1485,2018/01/30,19.82,3133.47,3852.73
1486,2018/01/29,32.69,3504.02,4328.7
1487,2018/01/28,37.57,3644.61,4518.83
1488,2018/01/27,27.86,3420.82,4162.46
1489,2018/01/26,21.81,3405.56,4137.03
1490,2018/01/25,21.84,3467.05,4241.26
1491,2018/01/24,22.63,3583.22,4374.6
1492,2018/01/23,16.0,3470.43,4212.67
1493,2018/01/22,18.56,3700.3,4506.65
1494,2018/01/21,18.05,3855.89,4672.89
1495,2018/01/20,47.04,4500.49,5503.93
1496,2018/01/19,28.04,4154.61,5122.31
1497,2018/01/18,15.88,4031.01,4977.75
1498,2018/01/17,10.61,3973.01,4845.16
1499,2018/01/16,3.39,3709.76,4455.94
1500,2018/01/15,53.06,5217.38,6477.17
1501,2018/01/14,56.26,5409.9,6846.85
1502,2018/01/13,73.91,5982.9,7595.3
1503,2018/01/12,69.56,5809.8,7328.46
1504,2018/01/11,40.81,5234.85,6453.93
1505,2018/01/10,48.25,5671.26,6925.53
1506,2018/01/09,73.77,6547.01,8123.0
1507,2018/01/08,79.35,6729.18,8232.41
1508,2018/01/07,85.31,6843.89,8330.59
1509,2018/01/06,88.17,6715.55,7842.09
1510,2018/01/05,92.32,6640.98,7579.77
1511,2018/01/04,91.91,6129.86,7411.55
1512,2018/01/03,89.18,5559.61,6792.38
1513,2018/01/02,82.87,5022.55,5839.99
1514,2018/01/01,76.01,4681.76,5450.22
1515,2017/12/31,76.94,4640.65,5277.13
1516,2017/12/30,69.67,4469.71,5116.43
1517,2017/12/29,73.43,4529.67,5050.77
1518,2017/12/28,62.28,4273.51,4472.43
1519,2017/12/27,78.78,4696.2,4814.4
1520,2017/12/26,81.08,4666.43,4762.5
1521,2017/12/25,75.43,4414.62,4704.91
1522,2017/12/24,72.49,4320.74,4564.29
1523,2017/12/23,77.99,4470.33,4668.1
1524,2017/12/22,54.31,4090.92,4206.69
1525,2017/12/21,87.9,4865.03,5110.67
1526,2017/12/20,91.27,4794.56,4874.4
1527,2017/12/19,89.68,4435.11,4203.85
1528,2017/12/18,88.28,4148.08,3682.08
1529,2017/12/17,86.42,3903.41,3230.36
1530,2017/12/16,90.09,3859.63,3072.77
1531,2017/12/15,86.4,3552.72,2906.01
1532,2017/12/14,86.77,3444.57,2991.1
1533,2017/12/13,82.24,3216.99,2594.76
1534,2017/12/12,85.25,3202.54,2440.62
1535,2017/12/11,83.82,3058.21,2070.33
1536,2017/12/10,63.53,2757.34,1812.79
1537,2017/12/09,66.8,2847.53,1973.11
1538,2017/12/08,84.55,3159.6,2073.57
1539,2017/12/07,97.59,3520.06,2049.7
1540,2017/12/06,94.35,2939.63,2028.63
1541,2017/12/05,87.15,2542.43,2024.64
1542,2017/12/04,84.81,2404.99,1951.79
1543,2017/12/03,83.3,2312.78,1884.02
1544,2017/12/02,85.01,2280.31,1852.11
1545,2017/12/01,85.34,2217.21,1818.31
1546,2017/11/30,82.89,2119.94,1749.44
1547,2017/11/29,68.4,1964.43,1611.46
1548,2017/11/28,90.6,2218.97,1931.33
1549,2017/11/27,88.66,2081.36,1808.9
1550,2017/11/26,85.34,1937.05,1725.28
1551,2017/11/25,84.51,1868.8,1687.25
1552,2017/11/24,83.16,1788.94,1673.96
1553,2017/11/23,79.52,1709.22,1564.34
1554,2017/11/22,77.3,1659.61,1429.59
1555,2017/11/21,72.9,1600.15,1337.11
1556,2017/11/20,77.29,1622.45,1365.85
1557,2017/11/19,73.94,1571.68,1317.09
1558,2017/11/18,76.0,1563.34,1333.92
1559,2017/11/17,74.24,1528.94,1279.58
1560,2017/11/16,73.97,1509.8,1202.08
1561,2017/11/15,77.13,1520.11,1304.26
1562,2017/11/14,71.03,1446.6,1320.66
1563,2017/11/13,70.13,1424.58,1298.09
1564,2017/11/12,68.99,1410.16,1347.5
1565,2017/11/11,66.97,1389.31,1282.07
1566,2017/11/10,62.73,1362.83,1157.76
1567,2017/11/09,71.79,1419.78,1141.15
1568,2017/11/08,72.25,1407.33,1072.69
1569,2017/11/07,69.54,1382.0,1041.51
1570,2017/11/06,67.78,1357.91,1032.31
1571,2017/11/05,72.74,1392.15,1016.13
1572,2017/11/04,74.0,1377.58,1009.84
1573,2017/11/03,76.23,1366.68,1032.65
1574,2017/11/02,78.55,1357.17,996.47
1575,2017/11/01,74.14,1304.37,980.07
1576,2017/10/31,70.41,1266.15,984.85
1577,2017/10/30,63.52,1219.09,989.47
1578,2017/10/29,64.43,1214.38,980.38
1579,2017/10/28,60.18,1188.17,981.03
1580,2017/10/27,59.93,1184.2,974.03
1581,2017/10/26,61.2,1187.65,958.68
1582,2017/10/25,59.06,1172.48,964.9
1583,2017/10/24,57.3,1163.13,982.46
1584,2017/10/23,61.5,1184.86,917.31
1585,2017/10/22,67.29,1213.92,963.25
1586,2017/10/21,64.11,1188.47,947.2
1587,2017/10/20,68.5,1203.48,966.72
1588,2017/10/19,62.54,1162.96,975.79
1589,2017/10/18,62.86,1160.71,998.3
1590,2017/10/17,67.8,1180.19,1024.57
1591,2017/10/16,71.35,1188.38,1034.28
1592,2017/10/15,69.36,1173.78,1028.53
1593,2017/10/14,78.81,1212.92,1047.18
1594,2017/10/13,80.24,1186.21,1042.13
1595,2017/10/12,78.15,1151.96,994.2
1596,2017/10/11,60.19,1069.62,995.92
1597,2017/10/10,58.31,1054.46,980.23
1598,2017/10/09,57.19,1042.68,957.65
1599,2017/10/08,55.78,1033.83,997.74
